{
  "height": 212.8555431131019,
  "tabOrder": 7000,
  "width": 463.69540873460249,
  "x": 784.053751399776,
  "y": 495.94624860022395,
  "z": 7000
}