{
  "height": 61.184549356223172,
  "tabOrder": 7000,
  "width": 454.86695278969955,
  "x": 800.34334763948493,
  "y": 8.65236051502146,
  "z": 7000
}