{
  "height": 270.90705487122062,
  "tabOrder": 9000,
  "width": 402.77715565509521,
  "x": 844.25531914893622,
  "y": 207.83874580067189,
  "z": 9000
}