{
  "height": 68.0713977532399,
  "tabOrder": 12000,
  "width": 223.85017338084663,
  "x": 765.803224723949,
  "y": 5.2362613656338395,
  "z": 12000
}