{
  "height": 112.54237288135593,
  "width": 223.72881355932202,
  "x": 32.542372881355931,
  "y": 80,
  "z": 0
}