{
  "height": 191.24866595517608,
  "tabOrder": 5000,
  "width": 672.102454642476,
  "x": 31.419423692636073,
  "y": 207.64140875133404,
  "z": 5000
}