{
  "height": 111.36131013306039,
  "tabOrder": 2000,
  "width": 224.03275332650972,
  "x": 480.16376663254863,
  "y": 80.57318321392016,
  "z": 2000
}