{
  "height": 112.86021505376344,
  "tabOrder": 4000,
  "width": 304.1720430107527,
  "x": 942.79569892473114,
  "y": 79.827956989247312,
  "z": 4000
}