{
  "height": 62.4206008583691,
  "tabOrder": 10000,
  "width": 534.59227467811161,
  "x": 128.54935622317598,
  "y": 8.0343347639484985,
  "z": 10000
}