{
  "height": 62.4206008583691,
  "tabOrder": 10000,
  "width": 585.27038626609442,
  "x": 106.30042918454936,
  "y": 8.0343347639484985,
  "z": 10000
}