{
  "height": 213.57222844344906,
  "tabOrder": 6000,
  "width": 742.48600223964172,
  "x": 32.2508398656215,
  "y": 495.22956326987685,
  "z": 6000
}