{
  "height": 272.34042553191489,
  "tabOrder": 5000,
  "width": 313.19148936170211,
  "x": 521.03023516237408,
  "y": 207.83874580067189,
  "z": 5000
}