{
  "height": 111.36131013306039,
  "tabOrder": 1000,
  "width": 224.03275332650972,
  "x": 256.13101330603888,
  "y": 80.57318321392016,
  "z": 1000
}