{
  "name": "223d9300700274da67c8",
  "layouts": [
    {
      "id": 0,
      "position": {
        "x": 32.137339055793994,
        "y": 6.1802575107296134,
        "z": 13000,
        "width": 65.5107296137339,
        "height": 65.5107296137339,
        "tabOrder": 13000
      }
    }
  ],
  "singleVisual": {
    "visualType": "image",
    "drillFilterOtherVisuals": true,
    "objects": {
      "general": [
        {
          "properties": {
            "imageUrl": {
              "expr": {
                "ResourcePackageItem": {
                  "PackageName": "RegisteredResources",
                  "PackageType": 1,
                  "ItemName": "_7abfc6c7-1a23-4b5f-bd8b-8dc472366284171093267.jpg"
                }
              }
            }
          }
        }
      ]
    }
  }
}