{
  "height": 112.51959686450168,
  "tabOrder": 4000,
  "width": 312.474804031355,
  "x": 942.441209406495,
  "y": 80.268756998880178,
  "z": 4000
}