{
  "height": 111.36131013306039,
  "tabOrder": 3000,
  "width": 224.03275332650972,
  "x": 702.88638689866934,
  "y": 80.57318321392016,
  "z": 3000
}