{
  "height": 65.5107296137339,
  "tabOrder": 11000,
  "width": 65.5107296137339,
  "x": 32.137339055793994,
  "y": 6.1802575107296134,
  "z": 11000
}