{
  "height": 111.36131013306039,
  "width": 224.03275332650972,
  "x": 32.098259979529168,
  "y": 80.57318321392016,
  "z": 0
}