{
  "height": 191.35498320268758,
  "tabOrder": 9000,
  "width": 526.76371780515115,
  "x": 728.15229563269884,
  "y": 207.83874580067189,
  "z": 9000
}