{
  "height": 494.42060085836908,
  "tabOrder": 9000,
  "width": 1215.038626609442,
  "x": 32.137339055793994,
  "y": 207.656652360515,
  "z": 9000
}