{
  "height": 70.31814528400534,
  "tabOrder": 11000,
  "width": 299.17174539013183,
  "x": 980.61849877876534,
  "y": 3.8355351973093823,
  "z": 11000
}