{
  "height": 112.54237288135593,
  "tabOrder": 1000,
  "width": 223.72881355932202,
  "x": 256.27118644067792,
  "y": 80,
  "z": 1000
}