{
  "height": 112.54237288135593,
  "tabOrder": 2000,
  "width": 223.72881355932202,
  "x": 480,
  "y": 80,
  "z": 2000
}