{
  "height": 289.54087346024636,
  "tabOrder": 6000,
  "width": 672.25083986562151,
  "x": 32.2508398656215,
  "y": 416.39417693169094,
  "z": 6000
}