{
  "height": 112.54237288135593,
  "tabOrder": 3000,
  "width": 225.08474576271186,
  "x": 702.37288135593212,
  "y": 80,
  "z": 3000
}