{
  "height": 289.63503649635032,
  "tabOrder": 8000,
  "width": 525.881126173097,
  "x": 728.7591240875912,
  "y": 416.43378519290928,
  "z": 8000
}